,docid,unique_words
0,943819,"['develop', 'threatened', 'airspace3', 'viewed', 'last', '1942', 'many', 'instincts', 'action', 'convincing', 'current', 'govern', 'may', 'stressed', 'view', 'great', 'displeased', 'shows', 'select', 'federalists', 'leaders', 'union', 'unenthusiastic', '109', 'active', 'agree', 'said', 'tribal', 'gocs', 'traffic', 'asll', 'know', 'commented', 'committed', 'organization', 'left', 'farce', 'federal', 'domestic', 'uncharacteristic', 'obviously', 'visual', 'even', 'describing', 'marc', 'controller', 'early', 'widely', 'put', 'making', 'importance', 'denounce', 'step', 'understand', 'situation', 'consi', 'one', '1', 'militants', 'tyus', 'could', 'reassured', 'necessary', 'would', 'assumed', 'time', 'budge', 'govt', 'regrettable', 'gens', 'establishing', 'succeed', 'oppose', 'passionate', 'colony', 'quebecois', 'flying', 'leger', 'liberals', 'determined', 'every', 'intercommunal', 'felt', 'night', 'issue', 'claim', 'process', 'place5', 'government', 'deration', 'country', 'setup', 'controllers', 'motives', 'announced', 'made', 'press', 'special', 'reaffirmation', 'end', 'observation', 'possible', 'according', 'won', 'decertify', 'placed', 'mortal', 'man', 'integrity', 'group', 'politically', 'word', 'work', 'convince', 'gravest', 'planes', 'careful', 'beginning', 'present', 'relationships', 'pensive', 'progressive', 'since', 'marcel', 'demonstrate', 'odious', '10', 'false', 'demogogues', 'flight', 'stated', 'de', 'trudeau', 'blow2', 'commission', 'claude', 'conscription', 'welfare', 'health', 'enemies', 'goc', 'compared', '72', 'scheduled', 'city', 'seperatist', 'lasted', 'mcnamara', 'breach', 'speaking', 'indicator', 'comment:', 'levesque', 'ments', 'virtually', 'must', 'handling', 'faithful', 'crises', 'naive', 'however', 'general', 'natural', 'national', 'perceive', 'three', 'pressure', 'dedication', 'independent', 'canadian', 'morin', 'aware', 'surrender', 'editorials', 'previously', 'initial', 'dared', 'encouraged', 'pq', 'mands', 'versably', 'get', 'introduction', 'confrontation', '3', 'dealth', 'pm', 'club', 'theme', 'inquiry', 'budget', 'mot', 'audience', 'alone', 'wing', 'angry', 'bilingualism', 'etc', 'unclassified', 'worst', 'apply', 'talk', 'commitment', 'remaining', 'hearings', 'lalonde', 'nonexistent', 'become', 'cescribed', 'feel', 'air', '197478', 'repeated', 'bilingual', 'shun', 'asserted', 'proof', 'control', 'seek', 'informed', 'hours', 'qualify', 'policy', 'reaction', 'concessions', 'irre', 'ie', 'crisis', 'covering', 'quebecs', 'years', 'instrument', 'boycotted', 'continued', 'provincialfederal', 'participant', 'within', 'back', 'order', 'airports', 'noting', 'mandate', 'supporter', 'ally', 'prove', 'provide', 'safe', 'englishlanguage', 'quebec', 'taken', 'party', 'fact4', 'constrained', '3man', 'hyperbole', 'sure', 'challenge', 'discussed', 'going', 'victory', 'discard', 'canada', 'added', 'anglophone', 'leader', 'resolve', 'lair', 'defend', 'us', 'blatant', 'dismayed', 'englishcanadians', 'technical', 'observers', 'easy', 'journalistn', 'rene', 'highly', 'need', 'liberal', 'problem', 'reactions', 'elsewhere', 'met', 'safety', 'remarked', 'principle', 'denounced', 'political', 'written', 'minister', 'dea', 'seem', 'justification', 'often', 'well', 'governed', 'also', 'compromise', 'solidarity', 'francophone', 'regardless', 'illegal', 'local', 'essential', 'concluded', 'pilots']"
1,943835,"['exchange', '30', 'transactions', '1976', 'official', 'june', '1', 'rate', 'curran', '100750', 'af', 's50', '100']"
2,943843,"['august', 'relationship', 'cornell', 'section', 'two', 'degrees2', 'killough', 'holds', 'late', 'july', 'best', 'iit', 'success', 'interests', 'technology', 'university', 'acting', 'general', 'embassy', 'project', 'singed', 'proposal', 'principal', 'seminar', 'higher', 'affairs', 'b', 'majeed', 'onetoone', 'patrick', 'scinetific', 'visit', 'possible', 'director', 'belgium', 'institutions', 'jawad', 'advanced', 'plans', 'ministry', 'alaubaidi', '51', 'us', 'discuss', 'early', 'attending', 'baghdad', 'wishes', 'officer', 'education']"
3,943852,"['pay', 'justified', 'texas', 'offer', 'vessel3', 're', 'total', 'consider', 'provide', 'could', 'representative', 'amp', 'contacted', 'may', 'damage', 'late', 'authorities', 'captain', 'departed', 'collusion', 'incident', 'opinion', 'port', 'conference', 'deny', 'made', 'mexican', 'salvage', 'company', 'viewing', 'inquiries', 'fairly', 'unless', 'campeche', 'confirm', 'vessel', 'since64', 'crew', 'closed', 'subject', 'former', 'case', 'reveal', 'claimed', 'protect', 'dierham', 'expenses', 'officer', 'ceived', 'loss', 'like', 'rights', 'certain', 'members', 'owner', 'company2', 'evidence', 'fees', 'declined', 'february', 'indicated', '1', 'instructions', 'would', 'fire', 'unquote', 'ashford', '1976', 'insurance', 'consulate', 'principal']"
4,944696,"['finding', 'obviously', 'part', 'selfstarting', 'best', 'must', 'commerce', 'table', 'bahrain', 'electricity', 'could', 'period', 'qualified3', 'resources', 'logistics', 'via', 'debriefing', 'future', 'agriculture', 'report', 'dec', 'water', 'staffers', 'longer', 'latter', 'professionalism', 'clearly', 'presented', 'underlies', 'washington', 'relations', 'course', 'details', 'stimulate', 'await', 'connection', 'senior', 'staff', 'province', 'impressed', 'proved', 'working', 'recommendations', 'noteworthy:', 'thailand', 'works', 'eastern', 'usgs', 'unclassified', 'work', 'member', 'mention', 'close', 'staffs', 'study', 'attended', 'depart', 'presence', 'since', 'summary', 'need', '11', '12', 'ministry', 'personal', 'survey', 'members', 'coordinate', 'advisors:', 'type', 'saudi', 'cluvertus', 'boston', 'two', 'teams', 'minister', 'submission', 'enthusiastic', 'one', '1', 'also', 'interest', 'team', 'flexible', 'aidw2', 'ambassador', 'gob', 'arabias', 'arabia', 'highly', 'ground', 'development', 'lubke', 'completed']"
5,944703,"['ago', 'august', 'richard', 'smith', 'two', 'four', 'interested2', 'assistance', 'one', 'fine', 'written', 'sutton', 'would', 'come', 'happy', 'father', 'son', '1', 'sweden', 'embassy', 'mother', 'according', 'enjoying', 'mondale', 'left', 'talked', 'sweden4', 'permission', 'still', 'concerning', 'since', 'l', 'times', 'write', 'matter', 'united', 'officer', 'senator', 'wrote', 'states', 'said', '16', 'months', 'telephone', 'month', 'anthony', 'record', 'consular', 'time5', 'again3', 'gave']"
6,945496,"['though', '24', 'registered', 'javits', 'senators', 'airil2', 'congressman', 'dated', 'buckley', 'ins', 'bouathong', 'case', 'unclassified', 'bouthong3', 'nongkhai', 'fyi:', 'camp', 'children', '1', 'fraudulent', 'arrived', 'phithoune', 'mchugh', 'family', 'presented', 'refugee', 'affidavit', 'rejected', 'stating', 'officer', 'post', 'fled', 'sworn', 'even', 'received', '15', '16', 'may', '1976', '1975', 'us', 'mark', 'hendrickson', 'interested', 'laos', 'consulate', 'subject']"
7,947154,"['irrigation', 'workers', 'later', 'hardware', 'firms', 'earliest', 'effort', 'last', 'power', 'relations0', 'concrete', 'engineering', 'minimum', 'cases', 'prime', 'relevant', 'forum', 'supply', 'meetings', 'measures', 'exports', '197619809', 'economic', 'river', 'lost', 'visiting', 'may', 'primary', 'water', 'instance', 'areas', 'established', 'information', 'inexpensive', 'upon', 'versa', 'market', 'phases', 'smaller', 'civil', 'company', 'contract', 'plusses', 'appropriate', 'products', 'location', 'casebycase', 'position', 'proposal', 'development3', 'embassys', 'generation', 'washington', 'consistent', 'individual', 'five', 'active', 'accounting', '100', 'technology', 'agree', 'giving', 'lessen', 'equipment6', 'oilfield', 'selfinterest', 'cost', 'cooperation', 'projects', 'training', 'point', 'conversely', 'latif', 'conclusion:', 'known', 'poultry', 'solid', 'actions:', 'advanced', 'headon', 'even', 'tailored', 'like', 'advantage', 'probe', 'extraordinary', 'usyugoslav', 'making', 'followup', 'consulting', 'electric', 'component', 'possibility', 'unskilled', 'enhance', 'ban', 'unusually', 'indicated', 'skilled', 'estimates', 'competition', 'one', '1', 'incremental', 'estimated', 'form', 'triangular', 'period', 'project', 'govt', 'relative', 'make', 'baghdad', 'costaccounting', 'geographic', 'successes', 'seems', 'although', 'mid1973', 'likihood', 'available', 'commerce', 'portions', 'long', 'opportunity', 'proposed', 'high', 'policy', 'returns', 'profitable', 'addition', 'wish', 'decision', 'copies', 'either', '19761980', 'transportation', 'business', 'country', 'iraqi', 'good', 'following', 'silberman', 'relatively', 'made', 'would', 'yugoslavs', 'required', 'share', 'offers', 'press', 'article', 'roadbuilding', 'end', 'rooted', 'third', 'excellent7', 'mainly', 'possible', 'possibly', 'range', 'won', 'dairy', 'subject8', 'warrant', 'lead', 'iraq4', 'days', 'greatly', 'american', 'continue', 'time', 'view', 'working', 'avail', 'elements', 'tehran', 'frequently', 'july', 'strong', 'might', 'techniques', 'management', 'ventures', 'work', 'hypo', 'trade', 'increase', 'see', 'americans', 'believe', 'present', 'b', 'success', 'since', 'due', 'match', 'info', 'towards', '15', 'sharif', 'break', 'penetration', 'key', 'parties', 'proposals', 'summary:', 'stated', 'housing', 'awarded', 'equipment', 'recommended', 'remark', 'seeking', '4000', 'selected', 'immediate', 'pending', 'division', 'goi', 'successful', 'uneven', 'lowered', 'recommend', 'abundant', 'vice', 'skills', 'construction', 'test', 'prospect', 'lack', 'wellpositioned', 'likely', 'jul', 'upstream', 'inter', 'million', 'general', 'lamenting', 'activity', 'activities', 'iran', 'rise', 'past', 'enter', 'visited', 'iraq', 'send', 'cutanddry', 'joint', 'usyugoslaviraqi', 'including', 'help', 'belgrade', 'able', 'large', 'design', 'port', 'participation', 'andor', 'introduction', 'true', 'rifle', 'therefore', 'approach', 'c', 'visit', 'procurement', 'actively', 'matchup', 'partner', 'ldcs', 'downstream', 'commercial', 'per', 'makers', 'expand', 'recent', 'case', 'rather', 'dams', 'basis', 'usiraqi', 'unclassified', 'competence', 'cooperate', 'ch', '1215', 'rapport', 'field', 'state', 'businessmen', 'way', 'bahrain', 'major', 'laborers', 'honest', 'officials', 'members', 'killough', 'weighted', '10000', 'constructionoriented', 'activities:', 'comatt', 'learn', 'situation', 'decisively', 'viewpoint', 'far', 'gas', 'council', 'alia:', 'suitable', 'assessment', 'following:', 'shotgun', 'according', 'worth', 'summary2', 'livestock', 'apprt', 'attention', 'focus', 'mistakes', '1967', 'para', 'well', 'invisibles', 'three', 'labor', 'respond', 'urban', 'gains', 'also', 'specific', 'mutually', 'prospects', 'd', 'provide', 'clear', 'planning', 'superiority', 'year', 'costeffective', 'erection', 'attachments', 'usdoc', 'matters', 'future', 'turnkey', 'concentration', 'thesis', 'support', 'kind', 'schemes', 'usda5', 'appears', 'semiskilled', 'amembassy', 'conceded', 'include', 'buyers', 'us', 'reputation', 'removed', 'plan', 'service', 'technical', 'opportunities', 'prepared', 'yugoslavia', 'services', 'contracts', 'collaboration', 'diplomatic', 'community', 'purification', 'master', 'contributions', 'countries', 'series', 'weak', 'costs', 'risks', 'need', 'yugoslav', 'transmission', 'win', 'usint', 'messages', 'promotional', 'usg', 'use', 'abdul', 'number', 'hypothesis', 'minister', 'exclusive', 'missions', 'executives', 'divisions', 'generally', 'potential', 'local', 'development', 'absence', 'bring', 'farms', 'take', 'principal']"
8,947620,"['para', 'learned', 'three', 'tender', 'firms', 'contractor', 'steam', 'power', 'also', 'million', 'imperial', 'engineering', 'electrical', 'assuming', 'extended', 'level', 'electricity', 'seems', 'ation', 'companies', 'high', 'resources', 'mau', 'may', 'classified', 'experience', 'water', 'embassy', 'turnkey', 'kuwait', 'main', 'letting', '56', 'large', 'services', 'gallon', 'announced', 'ges', 'march', 'center', 'attempting', 'civil', 'required', 'boilers', 'research', 'alyom', 'participate', 'appears', 'plagued', 'considering', 'end', 'confirm', 'items', 'possible', 'fyi2', 'reftel', 'follow', 'specialized', 'announcement', 'shall', 'comment:', 'acquire', 'bidding', 'provision', 'official', 'distillation', 'per', 'agent', 'gazette', 'quoted', 'affect', 'works', 'might', 'projects', 'enabling', 'requirement', 'capacity', 'ability', 'general', 'subcontractor', 'recognized', 'unclassified', 'indicate', '2', 'committee', 'organization', 'supplierz', 'central', 'subcontract', 'reported', 'construction', 'units', 'closing', 'come', 'major', '15', 'ministry', 'regards', 'contractors', 'work3', 'dates', 'electric', 'fyiembassy', 'whether', 'tenders', 'equipment', 'deadline', 'us', 'install', 'february', 'bid', 'turbines', 'one', '1', 'responsibility', 'midtolate', 'operation', 'day', 'gok', 'problem', 'leeway', 'allow', 'local', 'building', '1976', 'overall', 'assume', 'frirm', 'decisions']"
9,950134,"['legs:', 'render', 'later', 'landed', 'contain', '1', 'assure', 'previous', 'denmark', 'operates', 'p', 'taken', 'usdels', 'first', 'contacted', 'enroute', 'may', 'delayed', 'scioffs', 'wish', 'depterda', 'berlin', 'departed', 'getting', 'moscow', 'direct', 'four', 'planned', '3week', 'several', 'roe', 'arrived', 'advise', 'embassys', 'embassy', 'visit', 'ussr', 'am2', 'said', 'us', 'subject', 'problems', 'program', '701:', 'july', 'unaware', 'delays', 'unclassified', '2', 'arrive', 'files', 'panam', 'second', 'care', 'leg', 'travel', 'byron', 'early', 'met', 'advised', 'put', 'flight', 'hosts3', 'scae', 'two', 'contact', 'rerouted', 'situation', 'dr', 'reaction', '44', 'hours', 'arise', 'roe1', 'stoessel', 'professor', 'morning', 'mrs', 'apparently', 'roes', 'already', 'plans', 'emboff', 'easier', 'khoklova', '0701', 'assistance']"
10,950135,"['8020801:', 'visit', 'robertson']"
11,953830,"['tecnica', 'enforcement', 'reimbursable', 'official', 'pick', 'department', 'adversely', 'fit', 'limited', 'request', 'current', 'similar', 'rodriguezs', 'resources', 'venezuelas', 'interpreted', 'nicely', 'including', 'venezuelan', 'sure', 'principle', 'efforts', 'several', 'happy', 'attempting', 'aware', 'interdiction', 'society', 'common', 'contribute', 'policia', 'narcotics', 'reftel', 'reason', 'expect', 'response', 'agency', 'prepared', 'training', 'expense2', 'see', 'numbers', 'afford', 'field', 'costs', 'ship', 'expense', 'bsic', 'judicial', 'key', 'substantially', 'use', 'relationship', 'understand', 'anticipating', 'particular', 'aid', 'missions', '1', 'also', 'substantial', 'inspector', 'establish', 'venezuelans', 'relation', 'gov', 'us', 'acceptance', 'negative', 'technicians', 'operating', 'agreements', 'trained', 'requests']"
12,955014,"['develop', 'informed', 'lack', 'royal', 'took', 'appreciation', 'one', 'order', 'fill', 'helping', 'handling', 'last', 'san', 'offer', 'things', 'pro', 'official', 'however', 'vide', 'lessthanthorough', 'elected', 'greggs', 'surprised', 'cases', 'bassy', 'fully', 'president', 'visitors', 'social', 'even', 'full', 'cooperative', 'created', 'parti', 'avoid', 'felt', 'beforehand', 'ministers', 'since', 'director', 'fewer', 'planning', 'per', 'reception', 'prepared', 'minute', 'limited', 'especially', 'guidance', 'differences', 'airport', 'cool', 'aware', 'ment', 'accused', 'including', 'excellent', 'march3', 'locally', 'poor', 'hosted', 'short', 'transportation', 'government', 'country', 'gons', 'departure', 'tour', 'four', 'good', 'many', 'cre', 'following', 'apparent', 'nicaraguan', 'considerable', 'gaps', 'made', 'march', 'failed', 'performances', 'smoothly', 'well', 'brought', 'appropriate', 'dixieland', 'location', '7', 'participate', 'arranging', 'sharp', 'numerous', 'perhaps', 'em', 'embassys', 'crucial', 'luncheon', 'jazz', 'visit', 'possible', 'arrangement', 'dcm', 'result', 'active', 'conversation', 'whole', 'minor', 'naturally', 'requested', 'united', 'tourist', 'band', 'instruments', 'agency', 'events', 'us', 'contrast', 'time', 'first', 'ing', 'tourism', 'impressed', 'formances', 'give', 'interesting', 'commercial', 'idea', 'opportunities', 'ist', 'theberge', 'etc', 'preparations', 'arrangements', 'treatment', 'cooperation', 'cipation', 'services', 'group', 'ref', 'help', 'case', 'marcos', 'less', 'day', 'mission', 'quite', 'see', 'embassy', 'arrive', 'nicaragua', 'gave', 'ated', 'different', 'handle', 'success', 'appeared', 'assist', 'looking', 'thankful', 'second', 'officer', 'way', 'publicity', 'dur', 'stay', 'went', 'previous', 'criticism', 'personal', 'officially', 'nicaragua2', 'able', 'yesterday', 'appointed', 'incomplete', 'members', 'entirely', 'left', 'managua', 'charity', 'use', 'particularly', 'whether', 'housing', 'two', 'charities', 'states', 'equipment', 'benefit', 'understand', 'accompanied', 'neither', 'throughout', 'dr', 'mobilized', 'arrival', 'huge', 'missions', '48', 'junkets', 'performed', 'university', 'never', 'lastminute', 'noted', 'hours', 'became', 'interest', 'remarks', 'difficult', 'national', 'came', 'gon', 'theater', 'would', 'successful', 'failing', 'southern', 'translation', 'louisiana', 'asked', 'bank', 'development', 'received', 'indicated', 'guard', 'regret', 'note', 'commission', 'lousiana', 'somoza', 'assistance', 'massive']"
13,955204,"['dialogue', 'sip', 'unopposed', 'somewhat', 'individual', 'less', 'positions', 'within', 'soon', 'expressed', 'thought', 'current', 'attitude', 'realization', 'granting', 'reestablish', 'juan', 'commerce', 'sector6', 'last', 'uary', 'conep', 'also', 'implementation', 'lic', 'steady', 'guard', 'marked', 'elected', 'discussions', 'dominguez', 'condition', 'movement', 'week', 'move', 'council', 'limited', 'national', 'occurred', 'jan', 'economic', 'position', 'resignation', 'confederation', 'gonzalez', 'return', 'increasing', 'lost', 'surprise', 'difficulty', 'may', 'actions', 'boycott', 'accused', 'carlos', 'significant', 'enterprise', 'mend', 'prompted', 'organizations', 'annual', 'wished', 'amado', 'business', 'government', 'require', 'capac', '3829', 'panamas', 'chamber', 'colombia', 'following', 'fear', 'changes', 'announced', 'conference', 'made', 'likely', 'informal', 'close', 'heading', 'acted', 'manager', 'respected', 'ernesto', 'leading', 'apparent8', 'perez', 'democratic', 'fences', 'focal', 'governments', 'blatantly', 'end', 'members', 'jose', 'panamanian', 'continuing', 'dontrocktheboat', 'possible', 'relations', 'apede', 'exile', 'actively', 'source', 'instead', 'assurances', '22', 'lead', 'nevertheless', 'julydecember', 'days', 'public', 'title', 'stillexiled', 'reputation', 'among', 'social', 'nominees', 'removed', 'collaboration', 'potential', 'credible', 'chirinos', 'official', 'office', 'considerably', 'regional', 'lower', 'antonio', 'membership', 'figured', 'recent', 'scant', 'new', 'panana3', 'apparent', 'engineer', 'full', 'replaces', 'worse', 'point', 'reoccupy', 'slate', 'slump', 'governmental', 'expected', 'president', 'believe', 'association', 'profile', 'chirino7', 'recently', 'appeared', 'january', 'inclined', 'since', 'thus', 'impediments', 'lastra', 'francisco', 'offices', 'businessmen', 'morales', 'organization', 'effectiveness', 'understanding', 'still', 'appear', '17', 'spokesman', '18', 'industrialists', 'expires', 'majority', 'officials', 'friend', 'branch', 'high', 'immediately', 'communication', 'august5', 'panama', 'syndicate', 'sector', 'prime', 'use', 'gustavo', 'candidate', 'whether', 'de', 'june', 'two', 'removal', 'protective', 'election', 'opposition', 'truce', 'efforts', 'predecessors', 'term', 'appointment', 'publicprivate', 'la', 'subsequent', 'away', 'embarrassment', 'well', 'acting', 'private', 'one', '1', 'remained', 'maintain', 'controversial', 'become', 'banco', 'executives', 'j', 'mantle', 'removed4', 'presidents', 'twelvemonth', 'period', 'leadership', 'speculation', 'politicallyoriented', 'local', 'gop', 'recovery', 'iii', 'expulsion', 'summary2', 'ing', 'elect', 'citys', 'summary:', 'engaged', 'civil', 'construction', 'role', 'confrontation', 'signs', 'campaigning', 'toward', 'permitted', 'principal']"
14,957319,"['workers', 'khakwani', 'official', 'pjps', 'general', 'interrogation', 'session', '26272', 'limited', 'national', 'economic', 'party', 'provincial', 'process', 'cited', 'joint', 'law', 'democracy', 'urged', 'figures', 'fear', 'leaders', 'ref', 'likeminded', 'nawabzada', 'passed', 'democratic', 'nasrullah', 'pakistan', 'addressing', 'end', 'condemned', 'conspiracy', 'struggle', 'said', 'masses', 'widescale', 'mk', 'arrests', 'continue', 'moot', 'resolutions', 'pjp', 'prominent', 'real', 'rana', 'working', 'twodary', 'use', 'cooperation', 'meeting', 'recent', 'committees', 'segees', 'rule', 'increase', 'spread', 'president', 'attended', 'june', 'close', 'khan', 'countrys', 'educate', 'asserting', 'opposition', 'reportedly', 'political', 'contact', 'groups', 'situation', 'harassment', 'secretary', 'police', 'rules', '1', 'jamhoori', 'zafrullah', 'establish', 'defense']"
15,958539,"['lucien', 'pas', 'people', 'lack', 'eighty', 'three', 'choir', 'want', 'personally', 'interview', 'associated', 'tananarives', 'jc', '24', 'bicentennial', 'direction', '23', 'ran', 'portee', 'musical', 'coloniser', 'lounge', 'say', 'tananarive', 'translation', 'mankind', 'independ', 'independent', 'national', 'brief', 'collection', 'newlycompleted', 'sont', 'escape', 'scope', 'dream', 'first', 'profitable', 'concert', 'humanitaire', 'ment', 'introductory', 'encored', 'remi', 'comporte', 'randrianarivelo', '25', 'significant', 'penneys', 'america:', 'outlined', 'friday', 'du', 'toujours', 'lumn', 'entiere', 'chance', '26', 'universelle', 'english', 'poussent', 'hundred', 'passer', 'connaitre', 'language', 'french:deux', 'cents', 'june3', 'press', 'article', 'pao', 'leighs', 'filled', 'systeme', 'outline', 'presented', '300', 'penney', 'madagascar', 'liberty', 'sugar', 'applauded', 'performance', 'among', 'continuous', 'us', 'audience', 'un', 'that:', 'mr', 'au', 'checks', 'be4', 'celebration', 'province', 'warmly', 'beirut5', 'title', 'ill', 'published', 'turned', 'reports', 'ne', '4th', 'know', 'prouve', 'july', 'ratsimbazafy', 'colonisateur', 'madagascars', 'member', '975', 'tel', 'conductor', 'exceptional', 'bons', 'choirs', 'le', 'governor', 'unclassified', 'peuple', 'see', '2', 'presse', 'words', 'america', 'overlooked', 'remarked', 'gave', 'revolution', 'co', 'mitch', 'political', 'hairston', 'symphonic', 'free', 'two', 'doit', 'second', 'yoke', 'americaine', 'inapercu', '15', 'universal', 'humanitarian', 'pub', 'les', 'motifs', 'orchestra2', 'qui', 'event', 'malagasy', 'composed', 'given', 'statements', 'motives', 'colonel', 'de', 'june', 'young', 'daily', 'cultural', 'lhumanite', 'background', 'prompt', 'rsc', 'blochs', 'change', 'joug', 'ence', 'sans', 'history', 'la', '950', 'away', 'american', 'one', '1', 'sang', 'maresaka', 'remarks', 'ernest', 'day', 'quun', 'echapper', 'coffeeo', 'french:', 'lished', 'ans', 'jester', 'rain', 'hear', 'coverage', 'copy', 'message', 'songs', 'always', 'system', 'centers', 'meaning', 'space3', 'take', 'years', 'regime', 'matin']"
16,959718,"['0623763', '10411', 'cosgrove4', 'west', 'commercial', 'direct', 'arab', 'facilities', 'hardwares', 'part', 'floorings', 'indents', 'several', 'telephone:', 'nicosia', 'south', 'ref9', 'agency0', '2347', 'distributes', 'telex:', '9a', 'sale', '491', '1', 'pvc', 'cable:', 'represents', 'firms', '49101p0282', 'cyprus5', 'asian', 'firm', 'building', 'states', 'co', 'consider', 'g', 'floor', 'successful', 'successfully', 'domestic', 'united', 'middle', 'base', 'sheets', 'coverings', 'depot', 'cyprus', 'manufactures', '021415898', '30791xx', 'tiles', 'east', 'indent', 'cypriot', 'gulf', 'greek', 'agentimporter', 'sales', 'roller', 'promotes', 'service', 'materials', 'imports', 'distributor', 'using', 'blinds', 'european', 'crawford', 'aid7', 'use8']"
17,960801,"['ossoble', 'station1', 'delay', 'link', 'tender', 'telecommunications', 'plug', 'satellite', 'routinely', 'conferences', '23', 'comment:', 'however', 'much', 'stipulated', 'oportunity', 'posts', 'decision', 'earth', 'etel', 'require', 'foreign', '3o', 'several', 'announced', 'taries', 'tele', 'shining', 'fairly', 'eyes', 'third', 'contribute', 'arrangement', 'without', 'subject:', 'unqte', 'plan', '11652:', 'socialists', 'station', 'know', 'sonna', 'secre', 'na', 'trade', 'qte', 'tech', 'tags:', 'world', 'src', 'progressive', 'countries', 'tspa', 'construction', 'somalia', 'towards', '17', 'communications', 'nicians', 'loughran', 'constructed', 'particularly', 'stated', 'etrd', 'june', 'awarded', 'gsdr', 'minister', 'learn', 'installation', 'abdullahi', 'image', 'somalis', 'unqte2', 'one', 'republic', 'council', 'reached', 'operation', 'establish', 'good', 'would', 'rest', 'project', 'confident', 'forward', 'ground', 'plans', 'state', 'years']"
18,964504,"['wilson', 'de', 'parc', '14', 'la', 'cancelled2', 'june', 'katz', '1', '16', 'reserved', 'muette', 'massenet']"
19,964522,"['effort', 'best', '1', 'also', 'cuwe', 'official', 'criticised', 'recounted', 'department', 'foleys', 'prime', 'consider', 'level', 'request', 'ministers', 'least', 'planning', 'year', 'operate', 'foley', 'irish', 'reciprocal', 'may', 'carriers6', 'ambassadors', 'realize', 'status', 'ambassador', 'ireland3', 'support', 'departure', 'following', 'opinion', 'efforts', 'carried', 'march', 'flow', 'airlines', 'students', 'meet', 'approach', 'acceptable', 'washington', '300', 'addition', 'agreed', 'visit', 'possible', 'allotment', 'ireland', 'cautioned', 'rendahl', 'said', 'places', 'cussion:2', 'criticims', 'showing', 'us', 'believes', 'strict', 'american', 'proposition', 'mr', 'that4', 'cosponsors', 'avail', 'supported', 'offering', 'faith', 'however', 'practical', 'program', 'know', 'let', '250', 'might', 'visitor', 'increase', 'embassy', 'domestic', 'summarize', 'considerations', 'exchange', 'mount', 'percent', 'free', 'state', 'way', 'paragraphs', 'unreasonable5', 'knowing', 'like', 'travel', 'officials', 'ensure', 'student', 'exclusively', 'discuss', 'suggested', 'use', 'evidence', '600', 'basis', 'whether', 'number', 'ciee', 'usits', 'meaningful', 'dis', 'deprtment', 'earlier', 'solicited', 'bicentennial', 'participants', 'reasonable', 'usit', 'reached', 'union', 'told', '200', 'curley', 'good', 'onetoone', 'would', 'almost', 'scholarship', 'receptive', 'received', '60', '1976', 'pointed', 'flights', 'years', 'bureau', 'hope', 'adrian', 'fact']"
20,966339,"['strongly', 'counsel', 'useful', 'deal', 'years3', 'took', 'better', 'likely', 'regulatory', 'manitoba', 'availability', 'nypa', 'fill', 'available', 'direction', '5year', 'terms', 'power', 'come', 'pro', 'million', 'influence', 'behind', 'long', 'general', 're', 'thermal', 'noting', 'shortfall', 'department', 'favoring', 'twoway', 'saying', 'move', 'full', 'proposed', 'supply', 'amounts', 'pouched', 'could', 'period', 'back', 'coal', 'savings', '12', 'quebec', 'position', 'taken', 'party', 'unspeci', 'cause', 'purchases', 'may', 'review', 'annual', 'copies', 'limiting', 'surpluses', 'policies', 'occasion', 'arrangements', 'consumer', 'view', 'advance', 'short', 'return', 'decision', 'outlined', 'hq', 'direct', 'peak', 'report', 'unless', 'aware', 'intervention', 'canada', 'begin', 'made', 'march', 'kissinger', 'author', 'effort', 'company', 'flow', 'major', 'contract', 'transmission', 'appropriate', 'impediment', 'eachequivalent', 'scott', 'must', 'agreed', 'province', 'end', 'around', 'subject', 'generation', 'equivalent', 'arrangement', 'anxious', 'ottawa', 'protection', 'canadians', 'affecting', '20', 'supportive', 'assurances', 'provided', 'negotiated', 'said', 'people', 'year', 'since', 'mw', 'purpose', 'provides', 'time', 'plan', 'nearly', 'real', 'summer', 'energy', 'caused', 'hearings', 'neb', 'however', '60', 'cost', 'new', 'succeeding', 'lilly', 'might', 'case', 'prescribed', 'word', 'mutually', 'contracts', 'appreciated', 'negotiating', 'unclassified', 'ny', '1500', 'embassy', 'favorable', 'primarily', '6', 'gesture7', 'still', 'concerned', 'viewed', 'higher', 'davison', 'get', 'assist', 'vine', 'factory', 'contract5', 'discussions', 'york', 'need', 'previous', 'satis', 'exports', 'john', 'winter', 'advantage', 'whenever', 'conditions', 'intervene', 'ensure', 'ity', 'substantially', 'counterproductive', 'fallen', 'usg', 'given', 'attention', 'complete', 'whether', 'dollars', 'material', 'june', 'make', 'agreement', 'facilities', 'us', 'opinion', 'situation', 'cess', 'hydro', 'meant', 'realized', 'surplus', 'indicated', 'completed', 'explained', 'informed', 'expectations', 'improper', '1', '7month', 'amount', 'arise', 'helpful6', 'fied', 'called', 'came', 'firm', 'ambassador', 'ontario', 'would', 'buchanan', 'alternatives', 'goc', 'potential', 'allow', 'wanted', 'alter', 'essential', 'concluded', 'city', 'right', 'internally', 'associate', '1976', 'price', 'months', 'to4', 'suggested', 'oppose', '800', 'entities', 'revision']"
21,966365,"['legislation', 'obsolete', 'discount', 'possibility', 'regulatory', 'best', 'commerce', 'official', '29', 'action', 'prospects', 'provisions', 'could', 'major', 'sought', 'issue', 'appropriate', 'predict', 'review', 'delayed', 'send', 'aware', 'may', 'significant', 'excellent', 'law', 'investment2', 'considers', 'sent', 'funds', 'help', 'business', 'investing', 'foreign', 'signals', 'unlikely', 'new', 'report', 'changes', 'final', 'regulations', 'begin', 'needed', 'suggests', 'regulation', 'press', 'numerous', 'parliamentary', 'information', 'embassys', 'urgently', 'possibly', 'commerces', 'job4', 'wellplaced', 'comment:', 'discuss', 'reputation', 'make', 'confirmed', 'community5', 'holds', 'politika', 'yugoslavia', 'frequently', 'opens', 'end1976', 'alteration', 'provisional', 'better', 'requested:', 'see', 'embassy', 'committee', 'committed', 'basis3', 'present', 'timely', 'though', 'modify', 'since', 'statement', 'implication', 'providing', 'obr', 'amendments', 'enactment', 'early', 'advised', 'interrepublican', 'publication', 'concurred', 'overall', 'knowledgable', 'draft', 'us', 'approval', 'date', 'seem', 'change', 'rpt', 'investors', 'far', 'silberman', 'explained', 'question', 'noted', '1', 'investment', 'would', 'find', 'imminent', 'concurrence', 'watch', 'emboff']"
22,969273,"['duty', 'described', 'grateful', 'originators', 'complications', 'communicator', 'ref', 'case', 'communicators', 'genuine', 'would', 'point', '164906', 'come', '1', 'luckily', 'difficulties', 'carefully', 'niacts', 'b', 'recently', 'corcoran', 'screen', 'nighttime', 'reported', 'without', 'somewhat', 'got', 'repetition', 'travel', 'diminished', 'state', 'intensified', 'traffic', 'complicated', 'b2', 'type']"
23,969486,"['ago', 'text', 'dual', 'personally', 'growing', 'effort', 'among', 'assador', 'chinese', 'relations8', 'many', 'minister5', 'relations2', 'ting', 'department', 'circumstances', 'prime', 'supply', 'period', 'current', 'troops', 'look', 'may', 'express', 'view', 'great', 'world1', 'bhutto', 'upon', 'foreign', 'pascoe', 'hua', 'tang', 'secret7', 'differing', 'feasible', 'arrived', 'military', 'clearly', 'intend', 'kissinger', 'union', 'fully', 'perito', 'end5', 'developments', 'power', 'nevertheless', '5:00', 'determination', 'illusions', 'know', 'meeting', 'gates', 'point', '6', 'different', 'presence', 'december', 'various', 'objective', 'achieve', 'even', 'text:2', 'like', 'personal', 'normalized', 'relationship', 'ambitions6', 'accompanied', 'kuofeng', 'together', 'one', '1', 'maintain', 'soviet', 'tactics', 'would', 'remains', 'ford', 'already', 'publicly', 'make', 'defense', 'convey', 'you7', 'acting', 'message', 'people', 'successes', 'lin', 'econ', 'occasional', 'aoa', 'suggestions', 'long', 'dinner', 'determined', 'opportunity', 'outcome', 'director', 'maintained', 'chu', 'refer', 'addition', 'wish', 'decision', 'interpreted', 'process', 'served', 'speak', 'based', 'government', 'country', 'concerned', 'stay', 'wishes', 'actions', 'following', 'protocol', 'efforts', 'several', 'begin', 'made', 'share', 'brought', 'eight', 'special', 'possible', 'relations', 'effect', 'ussr', 'nancy', 'aspects', 'american', 'continue', 'econimic', 'time', 'posture', 'working', 'provately', 'strong', 'mutual', 'relationship0', 'hour', 'see', 'world', 'believe', 'affairs', 'since', 'wensheng', 'letter', 'counselor', 'differ4', '10', 'matter', 'discuss', 'improve', 'complete', 'seeing', 'normalizing', 'states', 'equipment', 'basic', 'tibet', 'premier', 'time3', 'react', 'participants', 'permit', 'remarks', 'division', 'regarding', 'warm', 'greatly', 'reaffirmed', 'forward', 'serious', 'extensive', 'ground', 'vice', 'lasted', 'fact', 'busy3', 'somewhat', 'congress', 'sorry', 'secret4', 'behalf', 'comment', 'dcm', 'though', 'however', 'remain', 'apologized', 'discussions', 'could', 'gates:', 'pressure', 'chief', '56:45', 'awareness', 'reiterate', 'welcome', 'reflected', 'experience', 'joint', 'including', 'policies', 'yes', 'congratulations9', 'resist', 'complex', 'mfa', 'room', 'countrys', 'meet', 'increasing', 'pm', 'visit', 'hall', 'interests', 'rhetoric', 'united', 'budget', 'peking', 'expansionsimand', 'strongly', 'influence', 'global', 'expand', 'recent', 'stated', 'say', 'promote', 'exchange', 'absolutely', 'began', 'cover', 'commitment', 'two', 'goal', 'despite', 'communique', 'election', 'chuanhsien', 'secretary', 'appointment', 'means', 'interest', 'policy', 'good', 'szechwan', '1976', 'ping', 'years', 'toward', 'continued', 'expressed', 'part', 'terms', 'also', 'appreciate', 'pol', 'setback', 'first', 'visitors', 'fortyfive', 'cuban', 'taker', 'clear', 'nepal', 'taken', 'international', 'especially', 'views', 'matters', 'respect', 'oceanic', 'support', 'accept', 'king', 'assistant', 'amb', 'hegemonic', 'appears', 'angola', 'bilateral', 'topics', 'course', 'technological', 'setbacks', 'bound', 'us', 'hope', 'deputy', 'prepared', 'included', 'abroad', 'shanghai', 'yuanhung', 'thomas', 'countries', 'committed', 'hua:', 'add', 'president', 'minutes', 'walking', 'elsewhere', 'ways', 'able', 'met', 'strengthened', 'use', 'stabilize', 'whether', 'june', 'number', 'minister', 'directly', 'seen', 'well', 'points', 'intervention', 'firm', 'congratulations', 'presidents', 'colleagues', 'trade6', 'confident', 'therefore', 'thayer', 'asked', 'development', 'received', 'system', 'note', 'unions', 'soviets']"
24,969857,"['text', 'discussed', 'given', 'foreign', 'suitable', 'third', 'american', 'forthcoming2', '1', 'dept', 'sabir', 'security', 'see', 'goi', 'proposed', 'would', 'parties', 'f86s', 'chief', 'said', 'rives', 'promised', 'also', 'problem', 'providing', 'assurances', 'today', 'provided', 'directorate', 'contacted', 'covering', 'transfer', 'note', 'charge', 'defense']"
25,969987,"['likely', 'others', '612500', 'viewed', '25', 'opening', 'official', 'general', 'care', 'movements', 'assembly', 'built', 'nature', 'could', 'assigned', 'base', 'supporting', 'build', 'reached', 'go', 'limited', 'unicef', 'decision', 'oau', 'cost', 'says', 'personnel', 'support', 'discussed', 'direct', 'inland', 'executive', 'camps', 'center', 'morogoro', '3', 'press', 'position', 'leader', 'consider', 'geneva', 'students', 'refugee', 'presided', 'release', 'specialized', 'response', 'es', 'said', 'auxiliaries', 'stirling', 'tangov', 'un', 'senior', 'centers', 'mbita', 'give', 'guerrilla', '61', 'fighters', 'miles', 'heads', 'meeting', 'training', 'recognized', 'embassy', 'committee', 'freedom', 'convened', 'warfare', 'due', 'field', 'salaam', 'providing', 'and2', 'hashim', 'humanitarian', 'preferred', 'matter', 'military', 'movement', 'ever', 'operations', 'use', '30', 'fighter', 'calls', 'colonel', 'medical', 'june', 'agencies', 'undp', 'repeated', 'minister', 'secretary', 'assistance', '1', 'dar', 'assistants', 'spain', 'would', 'wounded', 'administering', '1976', 'liberation', 'health', 'trained', 'tanzanias']"
26,971005,"['uncertain', 'text', 'within', 'expressed', 'arab', 'part', 'capability', 'force', 'border', 'supported', 'honestly', 'briefing', 'events', 'intervention2', 'could', 'peace', 'occurred', 'influencing', 'iraq', 'seemed', 'russians', 'send', 'attack', 'country', 'iraqs', 'discussed', 'walis', 'foreign', 'large', 'iraqi', 'motives', 'miscalculations', 'noted', 'overthrown', 'intervention', 'attempting', 'lebanon', 'press', 'remarked', 'course', 'without', 'promised', 'syria', 'united', 'iraqis', 'wiley', 'forces', 'comment:', 'result', 'confirmed', 'problems', 'pressures', 'meeting', 'assads', 'wondered', 'work', 'psychological', 'secret', 'crticial', 'table', 'regime', 'recently', 'presence', 'rival', 'obviously', 'various', 'statement', 'objective', 'parties', 'wali', 'states', 'step', 'doubt', 'enhance', 'assurance', 'means', 'well', 'round', '1', 'also', 'interest', 'become', 'syrias', 'keeping', 'would', 'criticized', 'syrian', 'annex', 'sincere', 'role', 'propaganda']"
27,971045,['0']
28,971676,"['whose', 'uncer', 'text', 'scissors', 'issuance', 'families:', '24', '25', 'balance', 'additional', 'discussion', 'separate', 'however', 'discrepancy', 'general', 'ion', 'plus', 'names', 'cases', 'total', 'prime', 'cases:', 'council', 'figure', 'limited', 'ppts', 'period', 'purposes', '124', 'replist', 'departures3', 'romanian', 'departures:', 'corresponds', 'totals', 'may', 'grants', 'stat', 'used', 'dual', 'iv', 'situation6', 'departure', 'drawn', 'report', 'approval', 'coufxtries', 'mfa', 'march', 'gor5', 'barnes', 'approximately7', '3', 'closely', 'consideration', 'fairly', 'jackson', 'permission', '300', 'addition', 'channels6', 'washington', 'reftel', 'departures', 'includes', 'provided', 'directorate', 'becomes', 'giving', 'us', 'use7', '640', 'consular', 'ivs', 'israel', 'official', 'families', 'marriages:', 'deputy', 'issued', '336', 'tdkmal', 'per', 'permanent', 'new', 'might', 'case', 'unresolved', 'casb', 'calculated', '19762', 'embassy', 'germany', 'known', 'explains', 'accumulation', 'higher', 'b', 'january', 'average', 'since', 'approximately', 'senator', 'example', 'are8', '11', '10', 'thru', 'corresponding', 'list', 'calculates', 'estihwgalltat', 'persons', 'marriage', 'nationals', 'slightly', 'june', 'number', 'following', 'minister', 'approveo', 'follows:', 'situation', 'data', 'approved', 'difficult', 'romania', 'family', '48', 'approvals', 'earlier', 'informed', '1', 'interest', 'december', 'mentioned', 'estimated', 'ambassador', 'mfarefb', '1285', 'received', '1976', '1975', 'calculations', 'patan', 'exact', 'communicated']"
29,972466,"['trasnport', 'soon', 'port', 'arrnaged', 'means', 'onward', '4', 'shipment', 'road', 'acceptable', 'murphy', 'possible', 'latakia', 'via', 'surface']"
30,973578,"['week', 'early', 'dates', 'give', 'next', 'extaff', 'enders', 'embassy', '5', 'hopes', 'new']"
31,973582,"['permitting', 'question', 'move', 'absence', 'spent', 'adopted', 'reviewed', 'taken', 'attitude', 'hattersley', 'routine', 'argued', 'communist', 'inter', 'constraints', '25', 'last', 'prepare', 'also', 'come', 'official', 'however', 'demands5', 'source', 'critical', 'christopher', 'papaligouras', 'prime', 'prospects', 'within', 'locutors', 'restore', 'could', 'bitsios', 'year', 'cyprus', 'entry', 'feeling', 'though', 'demostrating', 'pessimistic', 'cited', 'experience', 'month', 'joint', 'part', 'including', 'significant', 'wish', 'process', 'man', 'greekturkish', 'welcome', 'business', 'media', 'burn', 'commons', 'paid', 'foreign', 'usnato', 'report', 'approval', 'turkishoccupied', 'representing', 'considerable', 'pending', 'early', 'sir', 'tried', 'assured', 'greeces', 'meeting', 'latter', 'required', 'protracted', 'crete', 'soames', 'coordination', 'roy', 'officials', 'apply', 'participate', 'press', 'military', 'cyprus2', 'realities', 'special', 'ec', 'powered', 'essentially', 'bilateral', 'ecgreek', 'mentary', 'address', 'visit', 'possible', 'relations', 'theme', 'result', 'accorded', 'force', 'summer', 'playing', 'negotiations', 'cave', 'blackmail', 'generally', 'financial', 'cypriot', 'submarine', 'well', 'begun', 'undue', 'connection', 'hattersely', 'time', 'progovernment', 'areas', 'discussing', 'impressed', 'corfu', 'kubusch', 'office', 'considerably', 'dignitary', 'issued', 'speculating', 'toplevel', 'program', 'treatment', 'exigencies', 'strong', 'might', 'commented', 'recent', 'areas3', 'reference', 'respect', 'apparently', 'position', 'bargaining', 'interests', 'negotiating', 'euphoria', 'emphasis', 'embassy', 'nato', 'solutions', 'committee', 'averoff', 'present', 'setbacks', 'presence', 'receive', 'political', 'concerning', 'domestic', 'commitment', 'british', 'house', 'caramanlis', 'state', 'opening', 'urged', 'close', 'finding', 'symposium', 'learned', 'stay', 'went', 'previous', 'realistic', 'predictably', 'essence', 'organized', 'break', 'met', 'sba', 'ahead', 'greeknato', 'key', 'imminent', 'satisfy', 'adequate', 'public', 'week', 'britains', 'relationship', 'turkish', 'formal', 'nuclear', 'june', 'greek', 'depth', 'full', 'minister', 'opposition', 'greece', 'hattersleys', 'arrival', 'little', 'temporary', 'reassurances', 'expectations', 'away', 'parlia', 'athens', '1', 'use4', 'select', 'interest', 'discouraged', 'mentioned', 'become', 'difficult', 'came', 'told', 'stance', 'gog', 'problem', 'according', 'times', 'warm', 'forestall', 'host', 'orignally', 'scheduled', 'negoations', 'already', 'limited', 'greeks', 'months', 'second', 'overreact', 'defense', 'invitation', 'refugees']"
32,973851,"['death', 'campaign', 'shapes', 'follows:2', 'june', 'themes', 'incidents', 'picked', 'ularly', 'aggressive', 'partic', 'enters', 'last', 'confidential', 'themes:', 'atmosphere:', 'violence', 'tempo', 'final', '1', 'race', 'candidates', 'apparent5', 'become', 'moves', 'special', 'contenders', 'week', 'supporters', '27', 'azevedo', 'culminating', 'added', 'evora', 'tension', 'rhetoric', '17', 'principal', 'note', 'perspective', 'conclusion']"
33,973931,"['controlled', 'lectured', 'people', 'functionaries', 'resistance', 'daily', 'usually', 'incidents', 'treatment', 'patriotic', 'thailand', 'thai', 'voice', 'november', 'recent', 'instigated', '1', 'broadcasts', 'captured', 'chronicles', 'activity', 'radio', 'subsequently', 'bulletin', 'information', 'shown', 'october', 'carried', 'corcoran', 'media', 'eg', 'noted', 'released', 'coverage', 'particularly', 'providing', 'lpdr', 'ct', '12', 'reactionary', 'ministry', '16', 'attributed', 'item', 'including', 'forces', 'accounts', 'humane']"
34,975953,"['counsel', 'capitalization', 'percent', 'text', 'back', 'calls', 'hence', 'contract', 'comment', '26', 'last', '21', 'also', 'comment:', 'tax', '3', 'termy', 'next', 'confidential', 'sources', 'session', 'mintrade', 'facts', 'december3', 'translation', 'total', 'involves', 'sat', 'week', 'mike', 'proposed', 'grant', 'meetings', 'major', 'interdepartmental', 'leaving', 'sample', 'economic', 'taken', 'lawyers', 'first', 'oil', 'retained', 'review', 'portion', 'goirodgers', 'cost', 'messrs', 'soon', 'payment', 'view', 'departed', 'require', 'upon', 'principles', 'paid', 'held', 'home', 'following', 'approval', 'several', 'changes', '87', 'passes', 'made', 'migas', 'andor', 'language', 'company', 'wells', 'rodgers', 'littlenoticed', 'regulation', 'assumption', 'relief', 'hypothetical', 'proposal', 'appears', 'parliamentary', 'case', 'end', 'presented', 'fully', 'agreed', 'income', 'possible', 'accounted', 'fisher', 'pertamina', 'thishmodel', 'directorate', 'hieght', 'englishindonesian', 'case6', 'point', 'time', 'plan', 'mobils', 'referred', 'title', 'checking', 'issued', 'taxation', 'problems', 'oil4', 'deducted', 'arrangements', 'sadli', 're', 'ambiguity', 'set', 'new', 'general', 'companys', 'ambler', 'mechanics', 'temporarily', 'finance', 'conpleted', 'replaced', 'pricewaterhouse', 'schedules5', 'sadli2', 'appeared', 'series', 'regard', 'thus', 'radius', 'york', 'statement', 'go', 'game', 'previous', '10', '13', '14', 'rogers', 'ministry', 'certain', 'chaired', 'specifically', 'early', 'officials', 'ruling', 'using', 'left', 'mobil', '121975', 'composed', 'monday', 'advisors', 'june', 'two', 'willing', 'export', 'directly', 'side', 'situation', 'corporate', 'change', 'barrels', 'accepted', 'recovery', 'senior', '40', 'one', '1', 'fugure', 'payments', 'interest', 'team', 'surgery', 'day', 'came', 'told', 'goi', 'would', 'cable', 'alternately', 'irs', 'generally', 'according', 'productionsharing', 'copy', 'ie', 'crisis', 'deprication', 'ceiling', 'minesmin', 'emboff', 'take', 'calculations', 'test', 'briefed']"
35,976083,"['likely', 'others', '612500', 'viewed', '25', 'opening', 'official', 'general', 'care', 'movements', 'assembly', 'built', 'nature', 'could', 'assigned', 'base', 'supporting', 'build', 'reached', 'go', 'limited', 'unicef', 'decision', 'oau', 'cost', 'says', 'personnel', 'support', 'discussed', 'direct', 'inland', 'executive', 'camps', 'center', 'morogoro', '3', 'press', 'position', 'leader', 'consider', 'geneva', 'students', 'refugee', 'presided', 'release', 'specialized', 'response', 'es', 'said', 'auxiliaries', 'stirling', 'tangov', 'un', 'use3', 'senior', 'centers', 'mbita', 'give', 'guerrilla', '61', 'fighters', 'miles', 'heads', 'meeting', 'training', 'recognized', 'embassy', 'committee', 'freedom', 'convened', 'warfare', 'due', 'field', 'salaam', 'providing', 'and2', 'hashim', 'humanitarian', 'preferred', 'matter', 'military', 'movement', 'ever', 'operations', '30', 'fighter', 'calls', 'colonel', 'medical', 'june', 'agencies', 'undp', 'repeated', 'minister', 'secretary', 'assistance', '1', 'dar', 'assistants', 'spain', 'would', 'wounded', 'administering', '1976', 'liberation', 'health', 'trained', 'tanzanias']"
